Clicks,Impressions,CreationDate,EndDate,PeopleWhoMatch,AdSpend,AdSpendCurrency
35,452,06/23/15 07:04:01 AM PDT,06/24/15 07:04:00 AM PDT,LGBT United,18481,RUB
26,374,06/23/15 07:02:40 AM PDT,06/24/15 07:02:39 AM PDT,LGBT United,9995,RUB
18,482,06/15/15 07:21:33 AM PDT,06/16/15 07:21:33 AM PDT,Black Matters,9065,RUB
24,524,06/15/15 07:22:00 AM PDT,06/16/15 07:21:59 AM PDT,Black Matters,8845,RUB
10,153,06/16/15 07:37:14 AM PDT,06/17/15 07:37:13 AM PDT,Black Matters,9007,RUB
42,745,06/17/15 07:41:34 AM PDT,06/18/15 07:41:33 AM PDT,Black Matters,17537,RUB
23,746,06/17/15 07:41:07 AM PDT,06/18/15 07:41:06 AM PDT,Black Matters,17531,RUB
97,1290,06/17/15 07:41:46 AM PDT,06/18/15 07:41:45 AM PDT,Black Matters,27036,RUB
55,1005,06/17/15 07:42:02 AM PDT,06/18/15 07:42:01 AM PDT,Black Matters,24856,RUB
274,5072,06/18/15 04:36:59 AM PDT,06/19/15 04:36:59 AM PDT,Black Matters,129548,RUB
46,866,06/18/15 02:50:25 AM PDT,06/19/15 02:50:24 AM PDT,Black Matters,19994,RUB
31,441,06/18/15 07:21:41 AM PDT,06/19/15 07:21:41 AM PDT,Black Matters,9173,RUB
59,708,06/23/15 07:41:01 AM PDT,,Black Matters,17392,RUB
48,759,06/23/15 07:41:21 AM PDT,06/24/15 07:41:20 AM PDT,Black Matters,25889,RUB
65,757,06/23/15 07:41:58 AM PDT,06/24/15 07:41:58 AM PDT,Black Matters,17435,RUB
57,581,06/23/15 07:42:12 AM PDT,06/24/15 07:42:11 AM PDT,Black Matters,17426,RUB
74,796,06/23/15 07:42:35 AM PDT,06/24/15 07:42:34 AM PDT,Black Matters,17402,RUB
23,412,06/23/15 07:42:57 AM PDT,06/24/15 07:42:56 AM PDT,Black Matters,17475,RUB
60,636,06/24/15 06:12:24 AM PDT,06/25/15 06:12:23 AM PDT,Black Matters,18905,RUB
0,0,06/24/15 06:03:43 AM PDT,06/25/15 06:03:42 AM PDT,Black Matters,,
12,71,06/24/15 06:53:54 AM PDT,06/25/15 06:53:54 AM PDT,Black Matters,2275,RUB
42,332,06/25/15 08:10:53 AM PDT,06/26/15 08:10:53 AM PDT,Black Matters,8149,RUB
12,215,06/25/15 08:10:19 AM PDT,06/26/15 08-10-18 AM PDT,Black Matters,7957,RUB
73,733,06/23/15 07:43:14 AM PDT,06/24/15 07:43:14 AM PDT,Black Matters,17341,RUB
83,1012,06/23/15 07:43:35 AM PDT,06/24/15 07:43:35 AM PDT,Black Matters,26108,RUB
0,0,06/24/15 12:15:01 AM PDT,06/25/15 12:15:00 AM PDT,Black Matters,,
72,755,06/23/15 07:43:51 AM PDT,06/24/15 07:43:50 AM PDT,Black Matters,17357,RUB
0,0,06/18/15 02:49:23 AM PDT,06/19/15 02:49:23 AM PDT,Black Matters,,
25,633,06/23/15 07:03:29 AM PDT,06/24/15 07:03:28 AM PDT,LGBT United,17989,RUB
49,691,06/23/15 07:03:47 AM PDT,06/24/15 07:03:47 AM PDT,LGBT United,18393,RUB
150,1484,06/23/15 07:04:59 AM PDT,06/24/15 07:04:59 AM PDT,LGBT United,36834,RUB
1,30,06/23/15 07:04:39 AM PDT,06/24/15 07:04:39 AM PDT,LGBT United,915,RUB
80,791,06/23/15 07:33:17 AM PDT,06/24/15 07:33:17 AM PDT,LGBT United,18149,RUB
0,0,06/24/15 07:15:12 AM PDT,06/25/15 07:15:12 AM PDT,LGBT United,,
3,118,06/24/15 07:15:44 AM PDT,06/25/15 07:15:43 AM PDT,LGBT United,4294,RUB
12,102,06/24/15 07:16:43 AM PDT,06/25/15 07:16:43 AM PDT,LGBT United,5313,RUB
61,920,06/25/15 04:16:59 AM PDT,06/26/15 04:16:59 AM PDT,LGBT United,400,RUB
74,1038,06/25/15 04:17:19 AM PDT,06/26/15 04:17:19 AM PDT,LGBT United,400,RUB
37,365,06/23/15 07:03:13 AM PDT,06/24/15 07:03:12 AM PDT,LGBT United,9181,RUB
39,645,06/25/15 04:26:40 AM PDT,06/26/15 04:26:40 AM PDT,LGBT United,26987,RUB
0,0,07/08/15 07:23:45 AM PDT,07/10/15 05:23:00 PM PDT,Black Matters,,
52,635,07/15/15 08:28:48 AM PDT,07/16/15 08:28:48 AM PDT,Being Patriotic,8079,RUB
41,975,07/17/15 12:55:09 AM PDT,07/20/15 12:55:08 AM PDT,Being Patriotic,46156,RUB
67,467,07/15/15 03:40:04 AM PDT,07/17/15 03:40:04 AM PDT,LGBT United,11659,RUB
30,280,07/15/15 03:40:52 AM PDT,07/17/15 03:40:51 AM PDT,LGBT United,12029,RUB
464,3274,07/16/15 01:46:23 AM PDT,07/17/15 01:46:23 AM PDT,LGBT United,500,RUB
91,865,07/16/15 01:45:49 AM PDT,07/17/15 01:45:49 AM PDT,LGBT United,29993,RUB
229,2109,07/10/15 05:36:04 AM PDT,07/11/1505:36:03AM PDT,LGBT United,600,RUB
421,3359,07/09/15 07:00:23 AM PDT,07/11/1507:00:00AM PDT,LGBT United,500,RUB
156,1400,07/10/15 05:35:23 AM PDT,07/11/15 05:35:23 AM PDT,LGBT United,400,RUB
47,520,07/09/15 06:59:52 AM PDT,07/10/15 06:59:51 AM PDT,LGBT United,15389,RUB
44,311,07/08/15 07:26:12 AM PDT,07/10/15 07:26:00 AM PDT,LGBT United,14151,RUB
2042,6675,07/10/15 06:14:07 AM PDT,07/13/15 06:14:07 AM PDT,LGBT United,45212,RUB
0,0,07/10/15 05:35:43 AM PDT,07/11/15 05:35:42 AM PDT,LGBT United,,
,,07/10/15 05:37:30 AM PDT,07/12/15 05:37:30 AM PDT,LGBT United,,
144,1468,07/14/15 06:14:06 AM PDT,07/15/15 06:14:05 AM PDT,Black Matters,19627,RUB
151,1236,07/14/15 06:13:31 AM PDT,07/16/15 06:13:30 AM PDT,Black Matters,3033,RUB
46,584,07/14/15 06:10:21 AM PDT,07/16/15 06:10:21 AM PDT,Black Matters,21895,RUB
1003,9042,07/13/15 07:20:12 AM PDT,07/17/15 07:20:00 AM PDT,Black Matters,161511,RUB
7,45,07/16/15 02:22:00 AM PDT,07/18/15 02:22:00 AM PDT,Black Matters,1031,RUB
18,327,07/15/15 08:23:22 AM PDT,07/16/15 08:23:21 AM PDT,Black Matters,15772,RUB
45,672,07/15/15 08:22:39 AM PDT,07/16/15 08:22:39 AM PDT,Black Matters,26275,RUB
113,1080,07/15/15 03:35:13 AM PDT,07/17/15 03:35:13 AM PDT,Black Matters,33157,RUB
181,1662,07/15/15 03:34:05 AM PDT,07/16/15 03:34:04 AM PDT,Black Matters,42429,RUB
173,1514,07/14/15 06:13:13 AM PDT,07/16/15 06:13:12 AM PDT,Black Matters,26917,RUB
205,1237,07/14/15 06:12:50 AM PDT,07/16/15 06:12:50 AM PDT,Black Matters,25208,RUB
2,15,07/17/15 06:33:37 AM PDT,07/19/15 06:33:37 AM PDT,Black Matters,492,RUB
10,28,07/17/15 06:33:04 AM PDT,07/19/15 06:33:04 AM PDT,Black Matters,885,RUB
3,18,07/17/15 06:32:46 AM PDT,07/19/15 06:32:45 AM PDT,Black Matters,445,RUB
754,5959,07/17/15 12:52:41 AM PDT,07/19/15 12:52:40 AM PDT,Black Matters,500,RUB
184,1704,07/21/15 07:32:31 AM PDT,07/23/15 07:32:30 AM PDT,Black Matters,13063,RUB
157,1536,07/21/15 06:55:01 AM PDT,07/23/15 06:55:01 AM PDT,Black Matters,12556,RUB
125,869,07/21/15 06:54:35 AM PDT,07/23/15 06:54:33 AM PDT,Black Matters,21075,RUB
109,1426,,,Black Matters,36487,RUB
161,1244,07/21/15 06:53:25 AM PDT,07/22/15 06:53:24 AM PDT,Black Matters,27798,RUB
0,0,07/21/15 07:32:07 AM PDT,07/23/15 07:32:07 AM PDT,Black Matters,,
90,1331,07/16/15 02:22:53 AM PDT,07/19/15 02:22:53 AM PDT,Black Matters,25353,RUB
42,504,07/10/15 05:42:38 AM PDT,07/13/15 05:42:37 AM PDT,Black Matters,18885,RUB
50,506,07/10/15 05:43:10 AM PDT,07/12/15 05:43:09 AM PDT,Black Matters,1162,RUB
47,402,07/10/15 05:43:31 AM PDT,07/12/15 05:43:30 AM PDT,Black Matters,11717,RUB
46,327,07/10/15 05:43:55 AM PDT,07/12/15 05:43:54 AM PDT,Black Matters,9036,RUB
24,281,07/10/15 05:44:38 AM PDT,07/12/15 05:44:38 AM PDT,Black Matters,14663,RUB
47,345,07/10/15 05:44:21 AM PDT,07/13/15 05:44:21 AM PDT,Black Matters,6776,RUB
139,1078,07/10/15 05:45:02 AM PDT,07/12/15 05:45:01 AM PDT,Black Matters,18082,RUB
0,0,07/06/15 07:51:06 AM PDT,07/07/15 07:51:05 AM PDT,Black Matters,,
4,67,07/06/15 07:51:49 AM PDT,07/08/15 06:08:00 PM PDT,Black Matters,1814,RUB
0,0,07/06/15 07:52:07 AM PDT,07/07/15 09:07:00 AM PDT,Black Matters,,
55,589,07/07/15 02:52:31 AM PDT,07/08/15 02:52:30 AM PDT,Black Matters,200,RUB
0,0,07/08/15 07:23:29 AM PDT,07/10/15 05:23:00 PM PDT,Black Matters,,
0,0,07/09/15 06:55:38 AM PDT,07/10/15 06:55:37 AM PDT,Black Matters,,
0,0,07/08/15 07:24:28 AM PDT,07/09/15 07:24:28 AM PDT,Black Matters,,
0,0,07/09/15 06:55:52 AM PDT,07/10/15 06:55:51 AM PDT,Black Matters,,
0,0,07/09/15 07:20:18 AM PDT,07/10/15 07:20:17 AM PDT,Black Matters,,
0,0,07/09/15 07:21:05 AM PDT,07/10/15 07:21:05 AM PDT,Black Matters,,
0,0,07/08/15 02:55:42 AM PDT,07/09/15 02:55:41 AM PDT,Black Matters,,
100,603,07/22/15 07:54:48 AM PDT,07/24/15 07:54:47 AM PDT,Being Patriotic,16449,RUB
22,246,07/22/15 07:55:10 AM PDT,07/24/15 07:55:09 AM PDT,Being Patriotic,13187,RUB
105,1036,07/16/15 07:08:59 AM PDT,07/17/15 07:08:58 AM PDT,Being Patriotic,25866,RUB
124,1383,07/17/15 06:42:47 AM PDT,07/19/15 06:42:46 AM PDT,Being Patriotic,290,RUB
9,61,07/16/15 12:21:41 AM PDT,07/17/15 12:21:41 AM PDT,Being Patriotic,1499,RUB
285,1853,07/27/15 08:16:18 AM PDT,07/29/15 08:16:17 AM PDT,Being Patriotic,32781,RUB
105,745,07/27/15 08:16:39 AM PDT,07/29/15 08-16-39 AM PDT,Being Patriotic,23678,RUB
235,1620,07/17/15 06:42:16 AM PDT,07/19/15 06:42:16 AM PDT,Being Patriotic,290,RUB
5,70,07/16/15 01:40:45 AM PDT,07/17/15 01:40:45 AM PDT,Being Patriotic,2794,RUB
172,1423,07/17/15 07:27:18 AM PDT,07/19/15 07:27:17 AM PDT,Being Patriotic,300,RUB
21,295,07/16/15 07:09:15 AM PDT,07/17/15 07:09:14 AM PDT,Being Patriotic,13382,RUB
2,12,07/22/15 05:14:56 AM PDT,07/24/15 05:14:56 AM PDT,Being Patriotic,1398,RUB
8,22,07/21/15 07:21:41 AM PDT,07/23/15 07:21:40 AM PDT,Being Patriotic,676,RUB
339,4067,07/17/15 06:34:53 AM PDT,07/19/15 06:34:53 AM PDT,LGBT United,500,RUB
469,3576,07/14/15 07:02:42 AM PDT,07/16/15 07:02:00 AM PDT,LGBT United,93196,RUB
76,890,07/17/15 06:34:09 AM PDT,07/19/15 06:34:09 AM PDT,LGBT United,34999,RUB
209,1617,07/17/15 06:34:31 AM PDT,07/19/15 06:34:31 AM PDT,LGBT United,24998,RUB
46,446,07/14/15 07:03:45 AM PDT,07/16/15 07:03:44 AM PDT,LGBT United,16616,RUB
30,277,07/14/15 07:03:04 AM PDT,07/16/15 07:03:04 AM PDT,LGBT United,12724,RUB
65,597,07/15/15 08:16:13 AM PDT,07/16/15 08:16:13 AM PDT,LGBT United,17586,RUB
72,585,07/22/15 07:45:34 AM PDT,07/24/15 07:45:33 AM PDT,LGBT United,14727,RUB
39,379,07/22/15 07:45:15 AM PDT,07/24/15 07:45:15 AM PDT,LGBT United,9302,RUB
1,12,07/22/15 05:10:05 AM PDT,07/24/15 05:10:04 AM PDT,LGBT United,476,RUB
196,1675,07/16/15 07:29:56 AM PDT,07/17/15 07:29:55 AM PDT,LGBT United,51316,RUB
194,1469,07/15/15 08:27:06 AM PDT,07/16/15 08:27:05 AM PDT,LGBT United,28734,RUB
266,1563,07/14/15 07:03:24 AM PDT,07/16/15 07:03:24 AM PDT,LGBT United,19184,RUB
443,1927,07/10/15 05:34:53 AM PDT,07/11/15 05:34:52 AM PDT,LGBT United,400,RUB
184,1359,07/10/15 07:26:53 AM PDT,07/13/15 07:26:52 AM PDT,LGBT United,38134,RUB
0,0,07/08/15 07:26:44 AM PDT,07/09/15 07:26:43 AM PDT,LGBT United,,
310,2288,07/17/15 06:41:56 AM PDT,07/19/15 06:41:55 AM PDT,Being Patriotic,600,RUB
92,472,08/04/15 05:37:48 AM PDT,08/06/15 05:37:47 AM PDT,Being Patriotic,1294,RUB
21,120,08/05/15 12:06:30 AM PDT,08/06/15 12:06:30 AM PDT,Being Patriotic,4318,RUB
487,2772,08/05/15 07:23:53 AM PDT,08/06/15 07:23:52 AM PDT,Being Patriotic,64398,RUB
8,71,08/13/15 02:19:00 AM PDT,08/15/15 02:19:00 AM PDT,Being Patriotic,4079,RUB
630,4930,08/18/15 08:17:48 AM PDT,08/20/15 08:17:00 AM PDT,LGBT United,500,RUB
885,6695,08/11/15 08:31:18 AM PDT,08/13/15 08:31:00 AM PDT,LGBT United,68025,RUB
104,661,08/24/15 08:28:43 AM PDT,08/25/15 08:28:42 AM PDT,LGBT United,7935,RUB
2341,22805,08/04/15 06:19:55 AM PDT,08/08/15 01:19:00 PM PDT,LGBT United,1700,RUB
7,20,08/24/15 08:28:21 AM PDT,08/25/15 08:28:21 AM PDT,LGBT United,791,RUB
18,117,08/04/15 05:32:25 AM PDT,08/05/15 05:32:24 AM PDT,Black Matters,3492,RUB
1,14,08/04/15 08:31:29 AM PDT,08/05/15 08:31:28 AM PDT,Black Matters,344,RUB
1347,12708,08/06/15 07:38:42 AM PDT,08/08/15 11:38:00 PM PDT,Black Matters,,RUB
120,1294,08/05/15 07:05:06 AM PDT,08/06/15 07:05:06 AM PDT,Black Matters,27727,RUB
242,3595,08/05/15 07:04:05 AM PDT,08/06/15 07:31:10 AM PDT,Black Matters,,RUB
92,902,08/05/15 07:03:32 AM PDT,08/06/15 07:03:32 AM PDT,Black Matters,28512,RUB
70,847,08/05/15 07:03:16 AM PDT,08/06/15 07:03:15 AM PDT,Black Matters,17764,RUB
0,0,08/05/15 12:11:58 AM PDT,08/06/15 12:11:58 AM PDT,Black Matters,,
35,221,08/04/15 08:31:58 AM PDT,08/05/15 08:31:58 AM PDT,Black Matters,6133,RUB
9,105,08/04/15 08:31:45 AM PDT,08/05/15 08:31:44 AM PDT,Black Matters,3188,RUB
63,351,08/04/15 08:30:58 AM PDT,08/05/15 08:30:58 AM PDT,Black Matters,8507,RUB
49,402,08/04/15 05:31:20 AM PDT,08/05/15 05:31:20 AM PDT,Black Matters,6587,RUB
0,0,08/06/15 07:36:02 AM PDT,08/07/15 07:36:01 AM PDT,Black Matters,,
86,290,08/10/15 07:36:40 AM PDT,08/11/15 07:36:39 AM PDT,Black Matters,4454,RUB
1102,8752,08/12/15 12:53:51 AM PDT,08/14/15 12:53:50 AM PDT,Black Matters,99999,RUB
0,0,08/13/15 07:18:16 AM PDT,08/15/15 07:18:16 AM PDT,Black Matters,,
34,294,08/18/15 08:23:09 AM PDT,08/19/15 08:23:09 AM PDT,Black Matters,8295,RUB
63,594,08/18/15 08:22:50 AM PDT,08/19/15 08:22:49 AM PDT,Black Matters,16023,RUB
42,315,08/18/15 08:22:26 AM PDT,08/19/15 08:22:25 AM PDT,Black Matters,11955,RUB
1130,11736,08/18/15 08:22:08 AM PDT,08/21/15 08:22:00 AM PDT,Black Matters,141497,RUB
70,553,08/18/15 08:21:46 AM PDT,08/19/15 08:21:45 AM PDT,Black Matters,12104,RUB
21,199,08/18/15 08:21:25 AM PDT,08/19/15 08:21:24 AM PDT,Black Matters,8142,RUB
32,219,08/18/15 08:20:41 AM PDT,08/19/15 08:20:40 AM PDT,Black Matters,8143,RUB
251,2644,08/18/15 08:20:23 AM PDT,08/21/15 08:20:00 AM PDT,Black Matters,41394,RUB
99,447,08/21/15 08:05:07 AM PDT,08/22/15 08:05:07 AM PDT,Black Matters,100,RUB
47,322,08/21/15 07:46:04 AM PDT,08/22/15 08:00:00 AM PDT,Black Matters,100,RUB
408,3218,08/21/15 07:45:31 AM PDT,08/26/15 09:00:00 AM PDT,Black Matters,48315,RUB
230,1720,08/20/15 07:43:42 AM PDT,08/21/15 08:46:32 AM PDT,Black Matters,58477,RUB
0,0,08/20/15 07:42:57 AM PDT,08/21/15 10:20:07 AM PDT,Black Matters,,
309,2543,08/24/15 08:27:46 AM PDT,08/27/15 08:27:00 AM PDT,Black Matters,24639,RUB
47,323,08/24/15 08:27:21 AM PDT,08/25/15 08:27:21 AM PDT,Black Matters,7812,RUB
1310,12055,08/14/15 07:32:52 AM PDT,08/19/15 06:17:00 AM PDT,Being Patriotic,488623,RUB
217,1867,08/07/15 04:50:56 AM PDT,08/09/15 04:50:55 AM PDT,Being Patriotic,500,RUB
128,823,08/11/15 08:26:32 AM PDT,08/13/15 08:26:32 AM PDT,Being Patriotic,1565,RUB
90,534,08/12/15 07:23:56 AM PDT,08/14/15 07:23:56 AM PDT,Being Patriotic,18758,RUB
55,553,08/06/15 02:44:52 AM PDT,08/08/15 02:44:51 AM PDT,Being Patriotic,26936,RUB
154,1220,08/05/15 07:23:09 AM PDT,08/06/15 07:23:09 AM PDT,Being Patriotic,35964,RUB
959,7723,08/12/15 03:26:28 AM PDT,08/14/15 03:26:27 AM PDT,Being Patriotic,1000,RUB
370,2642,08/04/15 08:26:40 AM PDT,08/05/15 08:26:39 AM PDT,Being Patriotic,44369,RUB
129,645,08/06/15 12:32:44 AM PDT,08/08/15 12:32:44 AM PDT,Being Patriotic,20071,RUB
3,18,08/12/15 03:28:02 AM PDT,08/14/15 03:28:02 AM PDT,Being Patriotic,5251,RUB
0,3,08/05/15 07:10:37 AM PDT,08/06/15 07:23:28 AM PDT,Being Patriotic,273,RUB
87,728,08/06/15 07:43:19 AM PDT,08/07/15 07:43:18 AM PDT,LGBT United,17457,RUB
26,260,08/18/15 08:18:19 AM PDT,08/19/15 08:18:19 AM PDT,LGBT United,8888,RUB
82,967,08/12/15 07:32:53 AM PDT,08/14/15 07:32:52 AM PDT,LGBT United,30545,RUB
455,3542,08/11/15 08:31:51 AM PDT,08/12/15 08:31:50 AM PDT,LGBT United,79635,RUB
137,782,08/06/15 07:43:41 AM PDT,08/07/15 07:43:40 AM PDT,LGBT United,26154,RUB
7,31,08/04/15 06:19:12 AM PDT,08/06/15 06:19:12 AM PDT,LGBT United,2592,RUB
12,89,08/04/15 06:19:31 AM PDT,08/06/15 06:19:31 AM PDT,LGBT United,1541,RUB
588,5012,08/06/15 03:26:51 AM PDT,08/08/15 03:26:50 AM PDT,LGBT United,700,RUB
53,398,08/18/15 08:18:33 AM PDT,08/19/15 08:18:32 AM PDT,LGBT United,11095,RUB
93,612,08/06/15 07:42:24 AM PDT,08/08/15 07:42:24 AM PDT,LGBT United,19873,RUB
29,219,08/06/15 07:43:06 AM PDT,08/07/15 07:43:05 AM PDT,LGBT United,8286,RUB
2,12,08/14/15 08:16:53 AM PDT,08/17/15 08:16:52 AM PDT,LGBT United,385,RUB
36,259,08/20/15 07:42:15 AM PDT,08/21/15 09:32:36 AM PDT,Black Matters,7405,RUB
951,8111,09/01/15 07:44:55 AM PDT,09/03/15 07:44:00 AM PDT,LGBT United,500,RUB
135,1209,09/09/15 08:07:30 AM PDT,09/11/15 08:07:29 AM PDT,Black Matters,26969,RUB
8,56,09/09/15 08:06:58 AM PDT,09/11/15 08:06:57 AM PDT,Black Matters,774,RUB
12,53,09/09/15 08:06:26 AM PDT,09/11/15 08:06:25 AM PDT,Black Matters,1101,RUB
91,766,09/09/15 08:05:55 AM PDT,09/10/15 08:05:54 AM PDT,Black Matters,14357,RUB
86,929,09/09/15 08:05:34 AM PDT,09/10/15 08:05:33 AM PDT,Black Matters,21715,RUB
91,759,09/09/15 08:05:05 AM PDT,09/10/15 08:05:05 AM PDT,Black Matters,29406,RUB
119,922,09/09/15 08:04:38 AM PDT,09/10/15 08:04:37 AM PDT,Black Matters,29463,RUB
7,89,09/09/15 08:04:12 AM PDT,09/10/15 08:04:12 AM PDT,Black Matters,28716,RUB
0,17,09/23/15 02:52:24 AM PDT,09/26/15 02:52:24 AM PDT,Black Matters,259,RUB
268,1813,09/10/15 03:48:38 AM PDT,09/11/15 03:48:37 AM PDT,Being Patriotic,39565,RUB
0,0,09/11/15 02:17:08 AM PDT,09/14/15 02:17:08 AM PDT,Being Patriotic,,
222,1318,09/17/15 07:28:27 AM PDT,09/18/15 07:28:26 AM PDT,Being Patriotic,35116,RUB
0,0,09/11/15 02:16:46 AM PDT,09/14/15 02:16:46 AM PDT,Being Patriotic,,
3712,26300,09/08/15 07:46:14 AM PDT,09/12/15 07:46:08 AM PDT,Being Patriotic,6000,RUB
154,905,09/09/15 07:21:52 AM PDT,09/10/15 07:21:51 AM PDT,LGBT United,29942,RUB
197,1406,09/09/15 07:22:25 AM PDT,09/10/15 07:22:24 AM PDT,LGBT United,29739,RUB
153,1185,09/09/15 07:21:21 AM PDT,,LGBT United,29889,RUB
1037,10377,09/09/15 07:22:45 AM PDT,09/12/15 07:22:00 AM PDT,LGBT United,1000,RUB
121,1378,09/25/15 05:47:13 AM PDT,09/26/15 05:47:12 AM PDT,Blacktivist,400,RUB
202,2101,09/14/15 07:08:55 AM PDT,09/16/15 07:08:53 AM PDT,Being Patriotic,100237,RUB
21,134,10/08/15 12:39:35 AM PDT,10/10/15 12:39:35 AM PDT,Being Patriotic,12046,RUB
541,7341,10/09/15 07:01:29 AM PDT,10/11/15 07:01:28 AM PDT,Black Matters,800,RUB
1016,11134,10/21/15 07:59:43 AM PDT,10/22/15 07:59:42 AM PDT,Black Matters,299822,RUB
2,58,10/06/15 06:44:30 AM PDT,10/09/15 06:44:29 AM PDT,Black Matters,382,RUB
709,4925,10/02/15 07:28:43 AM PDT,10/05/15 07:28:42 AM PDT,Black Matters,59882,RUB
291,2083,10/19/15 08:03:24 AM PDT,10/20/15 08:03:23 AM PDT,Being Patriotic,16513,RUB
1840,13230,10/09/15 08:07:23 AM PDT,10/11/15 08:07:22 AM PDT,Being Patriotic,1000,RUB
682,4389,10/19/15 08:03:54 AM PDT,10/20/15 08:03:52 AM PDT,Being Patriotic,41564,RUB
771,12616,10/02/15 07:14:22 AM PDT,10/05/15 07:14:21 AM PDT,Don't Shoot,700,RUB
298,4711,10/21/15 08:26:28 AM PDT,10/22/15 08:26:27 AM PDT,Don't Shoot,181897,RUB
1781,22670,11/06/15 06:50:26 AM PST,11/09/15 06:50:25 AM PST,Black Matters,3000,RUB
0,0,11/19/15 11:51:19 PM PST,11/22/15 11:51:18 PM PST,Black Matters,,
,,11/19/15 11:21:05 PM PST,11/22/15 11:21:03 PM PST,Black Matters,,
224,3213,11/18/15 11:01:15 PM PST,11/20/15 11:01:14 PM PST,Blacktivist,1500,RUB
3298,16250,12/03/15 06:25:21 AM PST,12/04/15 06:25:20 AM PST,Being Patriotic,42637,RUB
981,9001,12/03/15 07:57:25 AM PST,12/04/15 07:57:24 AM PST,Heart of Texas,398921,RUB
26,146,12/15/15 06:34:16 AM PST,12/18/15 06:34:15 AM PST,Blacktivist,3938,RUB
117,66936,02/04/16 12:40:35 AM PST,,Multicultural Affinity,869039,RUB
0,8,02/12/16 09:15:21 AM PST,02/16/16 09:05:00 AM PST,Field of study,151,RUB
88,1948,02/11/16 12:13:04 AM PST,02/12/16 12:13:04 AM PST,Williams&Kalvin,500,RUB
128,2939,02/02/16 06:18:50 AM PST,02/06/16 04:00:31 AM PST,Williams&Kalvin,850,RUB
1000,10457,02/12/16 07:09:39 AM PST,02/15/16 07:09:39 AM PST,Black Matters,,RUB
1237,16684,02/12/16 07:01:48 AM PST,02/15/16 07:01:47 AM PST,Black Matters,1500,RUB
1,8,02/12/16 07:00:28 AM PST,02/15/16 07:00:27 AM PST,Black Matters,547,RUB
258,2103,02/18/16 12:04:17 AM PST,02/20/16 12:04:16 AM PST,Being Patriotic,23103,RUB
175,1590,02/25/16 07:44:02 AM PST,02/26/16 07:44:01 AM PST,Heart of Texas,159747,RUB
0,0,02/12/16 05:51:48 AM PST,02/15/16 05:51:47 AM PST,Don't Shoot,,
0,0,02/12/16 05:53:40 AM PST,02/15/16 05:51:47 AM PST,Don't Shoot,,
0,7588,02/14/16 11:13:46 PM PST,02/16/16 09:05:00 AM PST,Field of study,149849,RUB
102,977,02/12/16 01:45:36 AM PST,02/15/16 01:45:35 AM PST,Williams&Kalvin,300,RUB
283,10016,02/18/16 05:57:41 AM PST,02/19/16 05:46:31 AM PST,Multicultural Affinity,14957,RUB
212,6592,02/08/16 07:06:35 AM PST,02/09/16 07:06:34 AM PST,Black Matters,171537,RUB
76,495,03/24/16 12:08:31 AM PDT,03/25/16 12:08:31 AM PDT,LGBT United,5737,RUB
0,0,03/24/16 12:08:02 AM PDT,03/25/16 12:08:02 AM PDT,LGBT United,,
2,14,03/22/16 07:19:51 AM PDT,03/23/16 07:19:50 AM PDT,LGBT United,78,RUB
213,1640,03/17/16 04:22:59 AM PDT,03/19/16 04:22:59 AM PDT,United Muslims of America,500,RUB
165,2379,03/17/16 04:20:47 AM PDT,03/18/16 04:20:46 AM PDT,United Muslims of America,200,RUB
455,3734,03/17/16 05:32:59 AM PDT,03/20/16 05:32:59 AM PDT,Williams&Kalvin,74895,RUB
31,760,03/10/16 01:28:41 AM PST,03/12/16 01:28:40 AM PST,Williams&Kalvin,9978,RUB
0,0,03/10/16 01:28:25 AM PST,03/12/16 01:28:25 AM PST,Williams&Kalvin,,
2,5,03/04/16 12:46:32 AM PST,03/05/16 12:46:32 AM PST,Black Matters,418,RUB
0,7,03/06/16 12:46:00 AM PST,,Black Matters,289,RUB
1,20,03/10/16 04:13:40 AM PST,03/11/16 04:13:38 AM PST,Black Matters,2009,RUB
150,1818,03/10/16 04:12:29 AM PST,03/11/16 04:12:28 AM PST,Black Matters,38397,RUB
32,393,03/11/16 01:52:05 AM PST,03/12/16 01:52:04 AM PST,Black Matters,19996,RUB
184,1829,03/11/16 01:51:39 AM PST,03/13/16 01:51:39 AM PST,Black Matters,400,RUB
0,5,03/11/16 01:51:03 AM PST,03/13/16 01:51:02 AM PST,Black Matters,68,RUB
0,4,03/12/16 01:50:36 AM PST,,Black Matters,188,RUB
320,3484,03/11/16 01:49:33 AM PST,03/14/16 02:49:33 AM PDT,Black Matters,1000,RUB
29,359,03/11/16 01:48:30 AM PST,03/12/16 01:48:30 AM PST,Black Matters,200,RUB
39,391,03/11/16 04:07:32 AM PST,,Black Matters,14432,RUB
0,7,03/10/16 04:07:22 AM PST,03/11/16 04:07:21 AM PST,Black Matters,747,RUB
42,432,03/11/16 04:07:06 AM PST,,Black Matters,14567,RUB
2,19,03/14/16 06:11:54 AM PDT,03/15/16 06:11:54 AM PDT,Black Matters,34,RUB
0,10,03/14/16 06:11:31 AM PDT,03/15/16 06:11:30 AM PDT,Black Matters,546,RUB
0,15,03/14/16 06:11:09 AM PDT,03/15/16 06:11:08 AM PDT,Black Matters,1177,RUB
15,197,03/10/16 05:50:56 AM PST,03/11/16 05:50:55 AM PST,Black Matters,14181,RUB
783,4668,03/18/16 07:32:52 AM PDT,03/20/16 07:32:52 AM PDT,Being Patriotic,51153,RUB
334,1775,03/18/16 07:33:45 AM PDT,03/21/16 07:33:45 AM PDT,Being Patriotic,35161,RUB
3,11,03/18/16 07:30:48 AM PDT,03/19/16 07:30:47 AM PDT,Being Patriotic,1341,RUB
1,8,03/18/16 07:33:18 AM PDT,03/21/16 07:33:17 AM PDT,Being Patriotic,381,RUB
10,61,03/18/16 07:31:08 AM PDT,03/19/16 07:31:08 AM PDT,Being Patriotic,1073,RUB
54,848,03/24/16 12:07:21 AM PDT,03/25/16 12:07:21 AM PDT,LGBT United,11149,RUB
70,523,03/17/16 05:31:06 AM PDT,03/18/16 05:31:05 AM PDT,Williams&Kalvin,200,RUB
58,380,03/17/16 04:21:38 AM PDT,03/18/16 04:21:37 AM PDT,United Muslims of America,100,RUB
1675,10443,03/17/16 04:21:05 AM PDT,03/21/16 08:04:00 AM PDT,United Muslims of America,1050,RUB
49,244,03/17/16 04:21:29 AM PDT,03/18/16 04:21:28 AM PDT,United Muslims of America,100,RUB
330,2569,03/17/16 04:22:24 AM PDT,03/19/16 08:04:43 AM PDT,United Muslims of America,500,RUB
4,5,03/18/16 08:02:52 AM PDT,03/21/16 08:02:52 AM PDT,United Muslims of America,301,RUB
52,450,03/17/16 04:20:25 AM PDT,03/18/16 04:20:25 AM PDT,United Muslims of America,200,RUB
0,11,03/17/16 04:21:55 AM PDT,03/18/16 04:21:53 AM PDT,United Muslims of America,592,RUB
1,4,03/17/16 05:34:03 AM PDT,03/18/16 05:34:03 AM PDT,Williams&Kalvin,32,RUB
0,4,03/17/16 05:30:40 AM PDT,03/20/16 05:30:40 AM PDT,Williams&Kalvin,1371,RUB
87,797,03/10/16 01:29:00 AM PST,03/12/16 12:40:37 AM PST,Williams&Kalvin,310,RUB
2116,13936,04/14/16 01:21:30 AM PDT,04/16/16 01:21:29 AM PDT,Black Matters,,RUB
2252,19309,04/25/16 05:25:19 AM PDT,04/27/16 05:25:19 AM PDT,Black Matters,254882,RUB
73,653,04/12/16 09:29:36 AM PDT,04/13/16 09:29:35 AM PDT,Williams&Kalvin,100,RUB
6,54,04/07/16 07:44:35 AM PDT,04/08/16 07:44:34 AM PDT,Blacktivist,5187,RUB
0,0,04/21/16 12:09:10 AM PDT,04/22/16 12:09:09 AM PDT,Williams&Kalvin,,
2,7,04/21/16 12:09:49 AM PDT,04/22/16 12:09:49 AM PDT,Williams&Kalvin,347,RUB
44,467,04/15/16 01:21:41 AM PDT,04/16/16 01:21:41 AM PDT,Williams&Kalvin,100,RUB
2,20,04/12/16 09:29:53 AM PDT,04/13/16 09:29:52 AM PDT,Williams&Kalvin,2884,RUB
1276,,04/06/16 08:48:17 AM PDT,04/10/16 10:48:00 PM PDT,Black Matters,,RUB
2363,20386,04/08/16 08:21:47 AM PDT,04/10/16 08:21:46 AM PDT,Black Matters,,RUB
197,2441,04/08/16 07:30:09 AM PDT,04/09/16 07:30:08 AM PDT,Black Matters,900,RUB
120,1112,04/07/16 08:20:46 AM PDT,04/08/16 08:20:46 AM PDT,Black Matters,300,RUB
6706,55630,04/11/16 01:37:15 AM PDT,04/14/16 01:37:00 AM PDT,Black Matters,3500,RUB
1030,6143,04/14/16 01:22:25 AM PDT,04/16/16 01:22:24 AM PDT,Black Matters,500,RUB
1145,7772,04/14/16 01:22:07 AM PDT,04/16/16 01:22:06 AM PDT,Black Matters,500,RUB
2097,13808,04/14/16 01:21:05 AM PDT,04/16/16 01:21:04 AM PDT,Black Matters,1000,RUB
3856,,04/21/16 02:03:04 AM PDT,04/24/16 10:20:00 PM PDT,Black Matters,,RUB
0,13,04/21/16 02:02:45 AM PDT,04/23/16 02:02:45 AM PDT,Black Matters,471,RUB
5607,46437,04/21/16 02:02:13 AM PDT,04/24/16 10:02:00 PM PDT,Black Matters,278636,RUB
0,14,04/21/16 12:22:59 AM PDT,04/23/16 12:22:58 AM PDT,Black Matters,878,RUB
4,32,04/21/16 02:01:32 AM PDT,04/22/16 02:01:31 AM PDT,Black Matters,665,RUB
2083,17376,04/21/16 12:22:05 AM PDT,04/24/16 10:22:00 PM PDT,Black Matters,183825,RUB
2034,20280,04/21/16 12:21:47 AM PDT,04/24/16 10:21:00 PM PDT,Black Matters,18045,RUB
9,58,04/21/16 12:21:22 AM PDT,04/23/16 12:21:21 AM PDT,Black Matters,751,RUB
20,139,04/22/16 03:15:27 AM PDT,04/24/16 03:15:51 AM PDT,Black Matters,2779,RUB
3293,29056,04/25/16 05:37:03 AM PDT,04/27/16 06:37:00 PM PDT,Black Matters,,RUB
56,458,04/25/16 05:25:40 AM PDT,04/27/16 05:25:40 AM PDT,Black Matters,4523,RUB
1590,11249,04/26/16 12:10:23 AM PDT,04/27/16 12:10:23 AM PDT,Black Matters,,RUB
769,7122,04/26/16 12:25:13 AM PDT,04/27/16 12:25:13 AM PDT,Black Matters,,RUB
998,8239,04/26/16 12:24:45 AM PDT,04/27/16 12:24:44 AM PDT,Black Matters,115011,RUB
2427,20905,04/25/16 05:30:29 AM PDT,04/27/16 06:30:00 PM PDT,Black Matters,,RUB
3081,30305,04/07/16 07:45:15 AM PDT,04/10/16 07:45:14 AM PDT,Blacktivist,3000,RUB
715,4692,04/07/16 07:44:15 AM PDT,04/08/16 07:44:15 AM PDT,Blacktivist,200,RUB
4444,22720,04/14/16 07:20:01 AM PDT,04/17/16 07:20:00 AM PDT,Don't Shoot,47998,RUB
5296,42983,04/13/16 07:18:31 AM PDT,04/16/16 07:18:00 AM PDT,Don't Shoot,223786,RUB
9192,102914,04/22/16 07:48:47 AM PDT,04/24/16 07:48:47 AM PDT,Don't Shoot,5000,RUB
11,70,04/14/16 12:26:34 AM PDT,04/15/16 12:26:34 AM PDT,Williams&Kalvin,1068,RUB
538,14908,04/22/16 02:32:26 AM PDT,,Multicultural Affinity,452076,RUB
606,18272,04/25/16 03:34:54 AM PDT,,Multicultural Affinity,720559,RUB
288,4011,04/21/16 06:52:37 AM PDT,04/28/16 06:52:36 AM PDT,Multicultural Affinity,108234,RUB
2603,74257,05/10/16 07:26:47 AM PDT,,Multicultural Affinity,52416,RUB
43,192,05/10/16 08:13:33 AM PDT,05/11/16 08:30:01 AM PDT,Being Patriotic,2514,RUB
32,129,05/10/16 08:12:26 AM PDT,05/11/16 08:12:25 AM PDT,Being Patriotic,1724,RUB
,,05/11/16 05:07:07 AM PDT,05/15/16 07:00:01 AM PDT,Multicultural Affinity,,
0,3,05/11/16 05:00:55 AM PDT,05/12/16 05:00:54 AM PDT,Multicultural Affinity,74,RUB
237,1111,05/18/16 01:48:58 AM PDT,05/20/16 01:48:57 AM PDT,Stop AI,300,RUB
1003,4697,05/10/16 08:14:03 AM PDT,05/11/16 01:59:01 PM PDT,Being Patriotic,700,RUB
1058,5424,05/10/16 08:13:46 AM PDT,05/11/16 12:30:01 PM PDT,Being Patriotic,700,RUB
730,3643,05/10/16 08:14:18 AM PDT,05/11/16 03:30:01 PM PDT,Being Patriotic,700,RUB
153,1089,05/06/16 08:10:31 AM PDT,05/07/16 08:10:31 AM PDT,Being Patriotic,100,RUB
303,1963,05/06/16 08:11:10 AM PDT,05/07/16 08:11:09 AM PDT,Being Patriotic,100,RUB
161,1187,05/06/16 08:10:53 AM PDT,05/07/16 08:10:53 AM PDT,Being Patriotic,100,RUB
313,1643,05/06/16 08:08:12 AM PDT,05/07/16 08:08:11 AM PDT,Being Patriotic,100,RUB
1426,6463,05/10/16 08:12:45 AM PDT,05/11/16 08:12:44 AM PDT,Being Patriotic,700,RUB
2,14,05/16/16 08:26:53 AM PDT,05/19/16 08:15:33 AM PDT,Multicultural Affinity,281,RUB
0,0,05/12/16 01:39:36 AM PDT,05/14/16 01:39:36 AM PDT,Stop AI,,
3093,18920,05/05/16 02:15:42 AM PDT,05/07/16 02:15:41 AM PDT,Don't Shoot,500,RUB
5227,34848,05/05/16 02:16:36 AM PDT,05/12/16 02:16:35 AM PDT,Don't Shoot,84552,RUB
571,3286,05/05/16 02:16:24 AM PDT,05/07/16 02:16:24 AM PDT,Don't Shoot,100,RUB
0,0,05/05/16 02:15:53 AM PDT,05/07/16 02:15:53 AM PDT,Don't Shoot,,
3626,19873,05/05/16 02:15:21 AM PDT,05/07/16 02:15:21 AM PDT,Don't Shoot,500,RUB
875,8185,05/18/16 06:25:44 AM PDT,05/19/16 06:25:43 AM PDT,Don't Shoot,44401,RUB
1717,11585,05/17/16 01:15:04 AM PDT,05/18/16 01:15:03 AM PDT,Don't Shoot,500,RUB
5253,18460,05/17/16 01:14:51 AM PDT,05/18/16 01:14:50 AM PDT,Don't Shoot,500,RUB
3192,16855,05/13/16 07:18:37 AM PDT,05/16/16 09:30:01 AM PDT,Don't Shoot,300,RUB
1989,14590,05/13/16 07:18:16 AM PDT,05/16/16 08:30:01 AM PDT,Don't Shoot,300,RUB
1131,7192,05/17/16 01:15:20 AM PDT,05/18/16 01:15:19 AM PDT,Don't Shoot,300,RUB
0,0,05/13/16 07:19:06 AM PDT,05/18/16 06:30:01 AM PDT,Don't Shoot,,
1589,13253,05/13/16 07:18:50 AM PDT,05/17/16 12:30:00 PM PDT,Don't Shoot,25891,RUB
1748,10988,05/19/16 06:45:59 AM PDT,05/20/16 06:45:58 AM PDT,Don't Shoot,700,RUB
1992,18059,05/19/16 06:45:40 AM PDT,05/20/16 06:45:39 AM PDT,Don't Shoot,700,RUB
773,9489,05/19/16 06:45:28 AM PDT,05/20/16 06:45:27 AM PDT,Don't Shoot,700,RUB
873,5568,05/19/16 06:45:13 AM PDT,05/20/16 06:45:11 AM PDT,Don't Shoot,300,RUB
729,6103,05/18/16 06:25:31 AM PDT,05/19/16 06:25:29 AM PDT,Don't Shoot,4586,RUB
911,2984,05/18/16 06:25:12 AM PDT,05/19/16 06:25:10 AM PDT,Don't Shoot,1335,RUB
0,0,05/18/16 06:24:17 AM PDT,05/19/16 06:24:16 AM PDT,Don't Shoot,,
0,0,05/17/16 01:14:37 AM PDT,05/18/16 01:14:36 AM PDT,Don't Shoot,,
8392,23405,05/24/16 08:17:31 AM PDT,05/25/16 08:17:30 AM PDT,Don't Shoot,68307,RUB
4250,19060,05/23/16 07:41:44 AM PDT,05/24/16 07:41:43 AM PDT,Don't Shoot,48205,RUB
4826,18165,05/23/16 07:40:32 AM PDT,05/24/16 07:40:31 AM PDT,Don't Shoot,4904,RUB
1469,12943,05/23/16 07:40:08 AM PDT,05/24/16 07:40:06 AM PDT,Don't Shoot,48717,RUB
681,2957,05/26/16 07:39:51 AM PDT,05/27/16 07:39:50 AM PDT,Don't Shoot,13653,RUB
3990,18975,05/25/16 06:29:46 AM PDT,05/26/16 06:29:45 AM PDT,Don't Shoot,700,RUB
0,0,05/25/16 06:29:35 AM PDT,05/26/16 06:29:34 AM PDT,Don't Shoot,,
3717,18349,05/24/16 08:17:12 AM PDT,,Don't Shoot,68264,RUB
588,5852,05/24/16 08:16:48 AM PDT,05/25/16 08:16:47 AM PDT,Don't Shoot,28857,RUB
2082,10467,05/24/16 08:16:31 AM PDT,05/25/16 08:16:30 AM PDT,Don't Shoot,48789,RUB
0,0,06/16/16 01:21:05 AM PDT,,Multicultural Affinity,,
288,1492,06/06/16 07:46:25 AM PDT,06/08/16 07:46:24 AM PDT,Stop AI,200,RUB
379,1488,06/06/16 07:46:01 AM PDT,06/08/16 07:46:00 AM PDT,Stop AI,200,RUB
86,585,06/07/16 05:25:12 AM PDT,06/08/16 05:25:10 AM PDT,LGBT United,250,RUB
166,1032,06/06/16 07:46:34 AM PDT,06/08/16 07:46:33 AM PDT,Stop AI,200,RUB
1666,13086,06/02/16 07:59:59 AM PDT,06/03/16 07:59:58 AM PDT,Don't Shoot,500,RUB
1756,12398,06/02/16 07:59:45 AM PDT,06/03/16 07:59:44 AM PDT,Don't Shoot,500,RUB
1096,10264,06/02/16 07:59:24 AM PDT,06/03/16 07:59:23 AM PDT,Don't Shoot,600,RUB
2677,13681,06/02/16 07:59:13 AM PDT,06/03/16 07:59:12 AM PDT,Don't Shoot,600,RUB
0,0,06/02/16 07:58:40 AM PDT,06/03/16 04:00:00 PM PDT,Don't Shoot,,
0,0,06/02/16 07:58:13 AM PDT,06/03/16 10:00:00 AM PDT,Don't Shoot,,
633,3981,06/20/16 08:21:40 AM PDT,06/21/16 08:21:39 AM PDT,Don't Shoot,700,RUB
409,3856,06/20/16 08:21:12 AM PDT,06/21/16 08:21:11 AM PDT,Don't Shoot,1000,RUB
0,0,06/20/16 08:20:58 AM PDT,06/21/16 08:20:56 AM PDT,Don't Shoot,,
389,3099,06/21/16 08:20:23 AM PDT,,Don't Shoot,750,RUB
0,0,06/07/16 01:35:07 AM PDT,06/08/16 01:35:06 AM PDT,Don't Shoot,,
1802,11181,06/08/16 01:34:55 AM PDT,,Don't Shoot,57167,RUB
1300,10268,06/07/16 01:34:40 AM PDT,06/08/16 01:34:39 AM PDT,Don't Shoot,500,RUB
541,7918,06/07/16 01:34:30 AM PDT,06/08/16 01:34:29 AM PDT,Don't Shoot,500,RUB
0,0,06/07/16 01:34:08 AM PDT,06/08/16 01:34:07 AM PDT,Don't Shoot,,
1947,12225,06/07/16 01:32:27 AM PDT,06/08/16 01:32:26 AM PDT,Don't Shoot,500,RUB
2492,14899,06/07/16 01:32:10 AM PDT,06/08/16 01:32:08 AM PDT,Don't Shoot,500,RUB
42,1533,06/07/16 07:45:06 AM PDT,06/14/16 07:45:04 AM PDT,Don't Shoot,91627,RUB
203,1425,06/07/16 01:07:37 AM PDT,06/10/16 01:07:35 AM PDT,United Muslims of America,500,RUB
226,1850,06/17/16 08:42:20 AM PDT,06/18/16 08:42:18 AM PDT,United Muslims of America,,RUB
657,5240,06/22/16 07:28:57 AM PDT,06/23/16 07:28:56 AM PDT,Memopolis,500,RUB
1814,21301,07/07/16 08:05:38 AM PDT,07/08/16 08:05:35 AM PDT,Black Matters,1500,RUB
0,0,07/14/16 02:05:21 AM PDT,07/15/16 02:05:19 AM PDT,Black Matters,,
0,0,07/17/16 11:01:34 AM PDT,07/15/16 02:05:19 AM PDT,Black Matters,,
8,20,07/14/16 02:19:00 AM PDT,07/15/16 02:18:59 AM PDT,Secured Borders,500,RUB
6,19,07/14/16 02:15:27 AM PDT,07/15/16 02:15:26 AM PDT,Secured Borders,500,RUB
192,682,07/14/16 02:32:13 AM PDT,07/15/16 02:32:12 AM PDT,Stop AI,500,RUB
1280,6243,07/06/16 04:28:20 AM PDT,07/07/16 04:28:19 AM PDT,Don't Shoot,28667,RUB
1049,9732,07/08/16 08:10:20 AM PDT,07/09/16 08:10:18 AM PDT,Don't Shoot,2000,RUB
1195,8140,07/08/16 04:54:35 AM PDT,,Don't Shoot,97337,RUB
0,0,10/18/16 04:11:04 AM PDT,,Employers,,
1,10,10/18/16 04:13:46 AM PDT,,Employers,1852,RUB
0,0,11/09/16 12:46:18 PM PST,11/12/16 01:37:32 PM PST,BM,,
26,188,11/09/16 12:46:18 PM PST,11/12/16 01:37:32 PM PST,BM,11319,RUB
15163,112737,04/06/17 05:56:18 AM PDT,,Industry,,RUB
242,1929,05/16/17 07:40:03 AM PDT,05/18/17 07:40:03 AM PDT,Born Liberal,39999,RUB
4,609,05/03/17 07:24:41 AM PDT,,Industry,26486,RUB
909,5019,05/11/17 07:42:22 AM PDT,05/13/17 07:42:22 AM PDT,Stop AI,200,RUB
267,1778,05/23/17 07:36:32 AM PDT,05/25/17 07:36:32 AM PDT,Born Liberal,267,RUB
135,1236,05/15/17 08:21:51 AM PDT,05/17/17 08:21:51 AM PDT,Born Liberal,33301,RUB
2523,10534,05/18/17 08:21:15 AM PDT,05/20/17 12:51:00 PM PDT,Stop AI,200,RUB
841,5430,05/15/17 12:36:02 AM PDT,05/17/17 12:36:02 AM PDT,Stop AI,200,RUB
566,2572,05/15/17 08:27:57 AM PDT,05/17/17 08:27:57 AM PDT,Stop AI,7649,RUB
101,1594,05/16/17 07:17:04 AM PDT,05/17/17 07:17:04 AM PDT,Stop AI,19999,RUB
1015,6355,05/17/17 08:29:31 AM PDT,05/19/17 08-29-31 AM PDT,Stop AI,200,RUB
0,0,01/31/17 05:44:25 AM PST,,Employers,,
0,0,01/26/17 04:29:45 AM PST,01/28/17 04:29:45 AM PST,Employers,,
19,533,01/27/17 01:54:00 AM PST,01/29/17 01:54:00 AM PST,Employers,,USD
2,26,03/10/17 03:36:24 AM PST,,Industry,,USD
511,3957,03/10/17 05:51:53 AM PST,,Industry,,USD
